{
  "assemblyStates": {
    "ExtendedExtractionRe.C00Ap127jYM16hnQQ4uBmJR3": {
      "namespace": "UiPath.IntelligentOCR.StudioWeb.Activities.SWEntities.ExtendedExtractionResultsForDocumentData.Invoices.Bundle",
      "providerName": "CustomEntities",
      "key": {
        "name": "UiPath.IntelligentOCR.StudioWeb.Activities.SWEntities.ExtendedExtractionResultsForDocumentData.Invoices",
        "hash": "LTM1NTYzNzUxNg",
        "assemblyName": "ExtendedExtractionRe.C00Ap127jYM16hnQQ4uBmJR3"
      }
    }
  }
}